value1,value2,value3,value4,value5,value6,value7,value8,value9,value10,value11,value12,value13,value14
0.00842341705769911,0.013748807281434575,0.002263243689647911,0.016458795022617035,0.016311254551860457,0.01532377683414273,0.00818342304765192,-0.001885903966670225,-0.008134297085036978,0.014784431385736024,0.004243276485480807,-0.007567785848080857,0.00560082462955182,-0.016983055380171586
0.010401666272230525,0.007070996806898442,-0.011399785473775815,-0.007697283431687717,0.002747582467595453,-0.0017005656628681204,0.0008750998712352987,-0.034666928884905614,0.005297297811478249,0.0025955219975188366,-0.003999337771422326,-0.0010976658867453022,-0.009989460133695163,-0.0038952292242552147
-0.0012416502935590885,-0.012803994854716769,-0.00037102690608031906,-0.013294976834904888,0.0032383920205001923,-0.008647155399412099,-0.01159924889894164,-0.031138327977560245,-0.001146096529824996,0.002778896870644534,-0.016034324357824304,-0.003344433716870491,0.006975228646104782,0.026275061630764106
0.005336839108264413,0.010020803811077351,0.001981094191700372,0.001843707278577831,0.013559599146524945,-0.010425985610804817,-0.003524222629223903,-0.014173930073953522,0.0006579458188592643,-0.0022579367007572824,0.016138458420661694,-0.001444170362505999,0.0020913804774524186,0.00875342275825176
0.0005960844780065156,-0.001106526970307944,0.010405510991858878,0.004238790877830848,-0.016995014544310603,0.004887271049059566,0.0031123312186914706,-0.004124253627372772,0.0017019583311092912,0.0014143459128271609,-0.010944204819270387,0.02566021947326169,-0.006433577997690121,0.006838839669524649
-0.014551058780325392,-0.0020447932844188635,0.0032618572731600887,0.006027155376527816,-0.02320506370446719,0.004359353115905732,-0.0009485807054586072,0.0003888265572272533,9.861431719916144e-05,0.0038400588063476197,-0.022342621789229813,-0.00022340031573847444,-0.011750266585118435,0.0012072635078377062
-0.00222334095867103,-0.012663962910328563,-0.0036071138227950026,-0.023177670672362635,0.009335691788819728,-0.0017763515429438542,-0.0029889781588380527,0.015517408241202126,-0.0028868650146752018,0.0001270585770316939,0.010418399176010815,1.094672340312049e-05,0.004204540741775149,-0.0024783547462268003
0.004518914655097395,0.018159295373889082,-0.002758900979397114,0.0232103918071501,-0.013245368731058953,-0.0039423636528449464,-0.007611364282620815,-0.022324555197793614,0.0035184057984033873,0.005008331297376231,-0.043580252671751404,0.009373501904094611,-0.0047045597505938515,-0.01856792684484089
0.005231866464696762,-0.012990807237636463,0.0033085849926023066,-0.00270942319296731,-0.004852730313547213,-0.013269438081897835,0.007946983500041215,-0.0071078689082802035,-0.004948216664686758,0.007677398828240861,0.005990378895874263,-0.00883977289382956,0.009848768477806628,-0.0008904724929850002
-0.0014737802496050984,-0.02701180533796465,0.01433691708894608,0.0163336184772544,0.024861945491161042,-0.00036733917794888686,0.004554145371144624,0.005235393348083132,-0.006065242361307321,0.0005478024307940976,0.008095620468603347,-0.01707029344144507,-0.008714552117063377,-0.027724456053797336
-0.007745389063222861,-0.009605779086436379,0.013266581799456844,0.006662519470943481,-0.007552973032843005,-0.0179613092531448,0.003266940378808859,-0.006920939857482424,0.0031398918959802636,0.002686481926769114,-0.003288757827072507,0.005470139613884321,-0.00356187999378682,-0.004442008706383533
0.005993007352403212,0.021765179964293297,0.01490437300276335,-0.00893019100917919,-0.01636907790305136,-0.004570063271653788,-0.013323445945632008,0.011646649035127913,-0.005447969676176952,-0.005748062407113161,0.021387523225254893,-0.00426307565831081,-0.009509284556837208,0.002414744773415365
0.0018330836801780201,0.03624617500963006,-0.0006472085150219956,0.01237696116482679,0.0314477524531827,0.00014956005918135477,-0.003587279827350267,0.026219713716659217,0.0007185408975229354,-0.0023697286574624185,0.015890266690038072,-0.025205843446596647,0.006036656407445856,7.523829779375155e-05
0.007088687214670814,-3.923086234000891e-05,-0.019226583562389626,0.02497167348710394,-0.001732719833281048,-0.008877809727262178,0.00014610666506658873,0.011414411193502179,0.007129477108166648,0.006956211226601439,0.019249214678167287,0.008929374723785886,0.029376175147565395,-0.008779514353639004
-0.0029560308987341666,-0.009217273261539505,-0.006691638062415467,0.0024127923552195595,-0.0018814715925210403,0.0023009834614222614,-0.003455652306576009,-0.018811572397220568,0.0015496287607193716,-0.01011806993788858,0.007053800205048762,-0.010212387611811804,0.0002115379781390269,0.0012802394772652758
0.01006519650988138,0.004108049141039368,-0.02208199748730017,0.011458409148991192,-0.007446605266970492,0.0024702431345623977,0.002085658689609785,0.0022429640765800757,0.008712823636509461,-0.0027904994389831637,0.01638720176009156,-0.00020910320083148776,-0.009277136141743898,0.007992437909969525
0.009655734268043371,-0.004420121311725204,0.02861470328562689,0.006257906037286012,0.006780877134624781,0.0010666322538709179,-0.01083458413380828,-0.0012775394097207053,-0.005140476294635073,0.0033970170442124887,0.030903798847638688,0.010634952340310554,0.020668177882363414,-0.00861967322884667
-0.008346216462010584,-0.01197971049451846,0.010680504621381967,-0.008224767730296602,0.005231195092614903,-0.0014897051780306098,0.006543174440733441,0.03727253662327757,0.0023143940485811946,-0.0009329476640607313,-0.0054023537639183135,0.007823016255806317,-0.0022689860464761603,0.022706112318744608
0.00020685742769382208,-0.035880569637376646,-0.0014806851123619394,0.0029172339575085572,0.01939161289450525,0.000678452433086301,0.007261730038870004,-0.012341054035220235,-0.00739744775177813,-0.002324141652433503,-0.01418003848554436,-0.006690813823621493,0.005432161788058007,0.000372329471857829
0.007840674545952758,0.011531945226565534,0.0030354369963116897,0.002218225045973341,0.012662620808626492,-9.466894222753298e-05,-0.004537194964424759,-0.011336318281273489,0.0015344041617068838,0.005923696851441978,-0.0029628242920322068,0.009874904971354685,-0.005455789517377211,0.007152203380986192
0.0017713613663896577,0.024431081179851183,0.013678934359422083,0.006224498220988782,-0.014928177160894935,-0.002354964925655432,0.005079074805657589,0.02007534511334391,-0.005107532180095964,-0.001993867509630309,0.005196521752629472,0.03464456409418022,-0.0025631394824505377,0.017027846476226884
-0.002899270449526232,-0.011191906544627204,-0.004973120465916119,-0.008050751874563413,0.03350927555010242,-0.011489018441621503,-0.0029487425788817323,-0.0018285843686723458,0.005311343794755057,0.005681845185056582,0.006981085784041489,0.015132307842563236,-0.00557666529850026,-0.02273695222357136
0.006372943593402124,0.0016991204436299148,0.015637793580633108,-0.026077848653702173,-0.0013880126430150738,0.007451814651366575,0.006517140182450384,-0.004845485516659633,0.0007920709503803164,-0.008414232554056064,-0.01824176349925186,0.0014921733259331002,-0.009342341982674505,-0.003628188602250853
0.01155029841745217,-0.009686350448911758,-0.01232050105497032,0.0026346736653849383,-0.0007555403972619761,-0.016735429077378093,-0.0006438500144156527,-0.014557065364331224,0.0060605545281916485,0.003835477389533793,0.0024443957271762366,0.017874880159420382,-0.007411274242251541,-0.03950099991092526
0.00027428170315513256,0.009131881648890868,0.0018708935233199867,-0.017008929312587916,-0.010418371530075752,-0.0002166320621726139,0.011735820336371099,0.029641547262873356,-0.0033494926613304114,-0.005200165684375576,0.011641783508947673,-0.0024254684163923118,0.005574870993914208,0.01784442564956109
-0.007225936710044212,-0.012266212324102637,0.0012483632955827104,-0.009080325231822499,-0.023898438579574605,0.013112657134721905,0.0017017684713360119,0.017913212870658144,-0.00526586584097564,-0.002891105461691238,0.0016361092995830608,-0.011837737538793512,0.007147588293029138,0.026054456890081273
-0.006481956874734343,-0.020884048923070917,0.008617631373490961,-0.026246497611903837,-0.002896258653746219,-0.0022667946028932955,0.00916255585439068,-0.0060205811120204455,0.0032833077046989577,0.0005779949340467442,0.013528547049852303,-0.0019064010463242435,0.02142459618260474,0.0047307680919602794
0.009044199072114463,-0.005712166043189513,0.0026140413404158154,-0.0017325168277256013,-0.00174634781503153,-0.0021697912922139365,0.00011062785975685551,-0.010547184684811433,0.0013455975755254526,-0.006545422121549867,-0.011369162957818025,0.005546618861549854,0.004998329743416087,-0.012657520027669289
0.002485738325417838,0.03477330965006328,0.010475540490273305,-0.0033910478929459796,0.01764892475046059,0.008381775008721469,0.005938378456671795,-0.01790906398359283,0.008722763524647969,0.002160422620649497,0.010591840860779746,-0.012108625868832795,-0.0036672904414382875,-0.015545285054683439
0.0052690061269841685,-0.022504662476522445,0.0036603257562699606,0.004004692551855484,0.022936965625597,-0.0006440923099847829,0.00856714161318995,0.010473149653335253,-0.000750212299379591,0.007784256037213021,-0.021855193244166134,0.005436306265204607,-0.004410126892599989,0.0012715280906191802
0.0034439114769858636,-0.011709985022232063,0.009535664015429867,-0.015983550563492,0.0163041143604866,-0.0005023801313158162,0.008249304624781002,-0.006231332035179609,0.007545172581579264,-0.0011545549951779458,-0.004935770559516933,-0.01647419597535776,-0.011088200661702175,0.007452789283811707
0.00956503095698169,-0.006410140103838497,0.0022780772622677686,-0.022245594585816594,0.004001635812801537,-0.002388675331317087,0.00018196694165405729,-0.006411277908037464,-0.0018189609179689887,0.006568552283979856,0.00045770564302337704,-0.011067836281032915,0.002831572282541824,0.013961753819679547
-0.0016738606685249703,-0.029218538373818173,-0.0014823485971415106,-0.016396770866114005,-0.040397603553882985,-0.0015272796622357433,-0.0028284784249532117,-0.0014861616925480237,0.0047959099405594985,0.007778795888201575,0.016117418922888656,0.0005535165923198055,-0.01179002092333681,-0.0041244187642207
0.007602081556003125,0.012954873161289397,-0.008746794789324634,-0.006616196184288881,-0.014819845535559728,-0.0019991157399889907,-0.0017878920582267781,-0.007639270062190872,0.00802425410108583,-0.0025785303925914146,-0.01625702772829914,0.022061431242995193,0.00907723406976334,-0.005675658335013795
0.01722580321833741,0.0011912813248583175,0.004350463885109741,0.0012344369967440324,-0.0023953310873540755,0.000146126134959774,0.0025661814786641863,-0.0035023509401305012,0.0023021755743860917,-0.0032883567230979245,-0.0067286369488038615,0.01959982606954938,0.007717296805382563,0.01326291120029195
0.00775358234042974,-0.023210248002530475,-0.008908285337404823,-0.014035308788469796,-0.02208854332326564,0.00015682480009185644,0.0012653080296137057,-0.02013505836356384,0.00015611936056885708,0.0011541150952484032,0.005228212450628121,0.005975063489078439,-0.021451514191079157,-0.0046528860912135915
-0.015083012345522092,0.028004620207971266,-0.004280167213835291,0.008961665248540963,-0.005427121681270111,0.01943370951764601,0.005272799319166757,-0.006952216662600558,0.004223014429379869,-0.000916047645839634,-0.012416854998546145,-0.006767137195868069,0.0027286826160995625,0.002688015095729017
-0.012030237437447846,2.212200334563646e-06,0.014937553950914756,0.010313477755112892,0.027020469553401684,0.00266374708609543,0.0011992802164153965,0.0238064309627934,0.0018606327121934313,-0.006720458564550911,0.024405459407200947,-0.0027205256134371406,-0.0047956896038130374,0.014005116365563597
0.005670351591328161,-0.026664892409300665,0.015506216870026922,0.002547363696223021,0.016147093010648896,-0.007812212348872786,-0.004315269159796006,0.0009343896763485973,-0.0037643321746227577,-0.0004698003279250567,-0.00026231465144051745,0.0009404768001439152,0.0005273516193215168,0.014072605290711616
-0.013754177678937407,0.016950585391315248,0.011190627149833769,-0.0016267789541745319,-0.01598887971885691,0.009772150158609464,0.010565223998931688,-0.0016527152671532107,0.0028986668011658943,0.0028490290760041013,0.02287733703875794,0.017124950679699217,-0.0008622425299713678,-0.023494693616730854
-7.321769935931872e-05,0.017671833643790574,-0.004519522802416803,0.015603787907644825,0.010784481134682247,-0.004857825757226098,0.00779220708439164,-0.009403703798076066,6.880377309827806e-05,0.0004025561185963929,0.004042917281343965,-0.013266121043548056,0.008384065488442774,-0.0013387623329890537
0.002477730085628741,-0.0234577214386736,-0.006414619071040708,-0.00254000542855132,-0.0019469725797450718,-0.007960992949203959,0.00411319344078567,0.007191055467276476,0.0051565012685168875,0.0014043543330091446,-0.0074387508031183965,-0.020746610777220058,0.012178403967589544,-0.004295758691373717
-0.011939444297203628,-0.0019509593831587742,-0.008785765630167568,0.003003520353424061,-0.016594079802520714,0.004280872660598238,-0.0015791073672040256,-0.010032898714295102,-0.003335499928186114,-0.005292018126872962,0.01843740715608495,0.005753673278289615,-0.0035658363370062833,-0.015584604518065384
0.010053981485504468,-0.014210801436741527,0.0029641000952257885,0.0064029820555357485,-9.489554811882137e-05,-0.0014606948728877916,-8.315306038904231e-05,0.0261748268506823,0.0033419213563514027,-0.0017670642169989492,0.00026318000760908124,0.0005732008903047551,0.006696975261176723,-0.003542338984066181
0.012308148675435504,0.016803703641103545,0.015012889900780207,-0.00747273182697174,-0.002208859400208645,-0.0009808507242240587,-0.0027568132213636604,-0.014908676981777991,-0.003917128648287733,-0.010391691918883134,-0.005958337589385267,-0.015808688850873658,0.013392385427692992,-0.013932180155649468
-0.007980006503444062,0.0012092951676470752,0.009313385816579124,0.0073374247773109105,-0.0175579485013562,0.006689039200909263,-0.0007602259686940023,0.0021650405181855045,0.0051164046874811395,-0.007478070241570161,-0.01919036949467688,0.006926037562588101,0.017887570418241586,-0.006863840207551158
0.006233624699407824,-0.003094165068150305,-0.007940577534545752,0.008064975567614329,0.02856760702428264,0.00381090661269062,0.0037412381665443317,-0.034343370980124535,0.004783788203336812,0.012341175040230691,0.020936004736778403,-0.008083957885373166,0.015316293269191416,0.010216203643974391
-0.015242807293521518,0.019811759080678473,-0.00015966973374557063,-0.012281356763728362,0.01128709626081892,-0.011850576029987441,0.0012928421666126954,0.007270349070117186,0.00222688945456228,-0.003650768128600561,0.0026800763268096505,-0.0035374659277155143,0.012259943716165273,-0.0006877373277668729
-0.010045884165458338,-0.010005020422431522,0.00014911582443192072,0.008275307229901493,0.014456870844471751,-0.012035870792792818,0.006782554144774468,-0.007632153100817931,0.0039536386055419835,-0.009712436376993842,0.012298508281467281,-0.003745473666373167,-0.0004416554060900258,-0.014713279352482957
0.0018141976656810047,0.014412773717919011,-0.0003467148111068754,-0.021256700527371424,0.0005631262609739591,-0.00354785082269167,0.009017845696209422,-0.002983328175699717,-0.005957284488582683,-0.005782400820521066,-0.006976890981777476,0.006504372559289983,0.017214599158989898,0.011593817145086484
0.012685413148712504,-0.010987778033519897,0.001222432845966928,-0.007071669328278515,0.0031937671721795455,0.012867676152359921,-0.010078233096044274,0.016188395433736694,0.004735615872412876,0.005296732792299177,0.008850483259932729,-0.006008194992662392,-0.0293485321411055,0.0030491062847678076
-0.0022558908645126555,-0.001231787949646384,-0.020328923984147002,0.025795474669775734,-0.020373291603537364,0.009888159636254905,0.0034338310161901985,-0.0017128486376227993,0.0041214323492333805,-0.003444377040543678,-0.005624672165798168,-0.013105973846565791,0.008385288491174016,0.00697304627729876
-0.005738733396125368,0.015876012894254384,0.0005416177862227906,0.017411443018973172,0.00661163230986223,-0.008279742064797509,-0.0015878702512385093,0.007085378494342597,0.0034762494354677056,-0.010594094610819574,-0.010515155137497702,-0.010003184906761168,0.00349872461744792,-0.0005700614437584064
0.011153157720285826,0.005237943014576836,-0.016299609790168177,0.0005958926492664246,-0.0003593189820416556,-0.00139522660021232,0.005865069042402209,0.02070113782237012,-0.010019128055271964,0.012657575521494723,0.00123242984413517,-0.011631390746063399,-0.006921233660478782,-0.015226146625138087
0.011490111408077002,-0.009902368730260078,-0.0067600611785392384,-0.011137282011515391,0.0054408560555198075,0.0023506976972137036,0.006789742454766872,0.002970025687349636,-0.004635726275103502,-0.005347497996855111,-0.006075208159807657,0.005884376638444196,-0.005595436843266611,0.021772375523727187
0.0012407371759753337,0.019692124851693388,0.020812236421973062,-0.008990213873390066,0.007859791267472212,-0.004639097351602472,-4.1004235018139575e-05,-0.007176944393602423,0.0052722473082053,0.00039586536130703655,-0.005698080257678929,-0.013946060806236274,-0.014655391399794444,0.006180055869875922
0.00430495905972741,-0.010408455103322382,-0.000282072989720467,0.012853501760029641,-0.022719441376151017,0.008157993716932998,0.018158621724586942,0.015809978937720136,-0.010721467569181058,0.0007843376654432953,-0.010239357227081542,-0.005584542203842015,0.009345789102049154,-0.0068041104704770605
-0.0004900231285164341,-0.0050815975385304175,-0.007633393445699913,-0.010131709496782538,-0.0019298887340908533,0.010370908707384626,0.011313313112890345,-0.02700184303848746,9.102212274573115e-05,0.0019420734628971636,0.022405278628677205,-0.005744551281695445,-0.006297657383752442,0.003028690748491166
-0.009115868317304291,-0.012189520423520917,0.010998008943486058,0.018115992377300612,0.006769267692542423,-0.009043499821941471,0.0009862211452466433,-0.012134944798762173,0.0009213431428489139,0.005448828557946953,-8.148732934089195e-05,0.0022209682957249548,0.005932429393923849,-0.014591332778517353
0.006196917905303819,0.02429641161752111,0.0008954856093737565,0.014091846227163822,-0.007341302456386115,0.0008592878769025069,0.0028364169697009485,-0.01651604880780246,-0.002049013361551653,0.007375051435890995,0.03932782506258594,-0.021443676286314876,-0.005558473401326308,-0.00032706878708488313
0.007885767525559306,0.0023412975113683114,-0.007321660341520495,-0.00973600036937064,0.0011927727663929258,-0.0006824310028626882,0.002749951271508448,0.006140592575517107,0.0007558898337265029,-0.01021291250131263,-0.009627171892496452,-0.009970937425708279,-0.006989010937512663,-0.011214618288163903
-0.005094537466044539,-0.000645355033181075,0.0008753168764584777,0.007996480564293074,0.00574739787272863,0.012621662791373068,-0.0031997154139259886,0.015978764828473883,0.0006848304342368484,0.008183931234048635,-0.015404199376039669,-0.015188808160214598,-0.013444456018995889,-0.006743771340882813
0.014807856170909807,-0.0022618620397960583,-0.005848901064459917,-0.020650654727507014,0.01364872240003828,-0.00994793552576734,0.0037455566301698084,0.0017591044886858906,0.0024538072509181145,-0.002236072890614145,0.01507886536118746,0.031218744596622855,0.004751210960762681,-0.012181276898410292
0.0033126655728148886,-0.009004264362367533,0.014086820316092052,0.0028532634113043265,-0.01957076605982974,-0.0023570663156243393,0.007980352214002055,-0.002044105599727109,0.004111313741269435,-0.005027414747427383,-0.015692101258292897,0.019262107940786387,0.014791710141074893,0.004676647660576969
-0.009286183736837756,-0.024301158826750685,0.013334939241611247,-0.006297255877897402,-0.03492673633550591,0.0077682623070025065,0.004516874237090623,-0.021260823278344766,0.006118445906888828,5.5223912512390604e-05,0.017559412593913012,-0.00850692486215598,0.013580923839423754,-0.02167844913428706
0.001836153252699869,-0.028457330672529875,-0.0021134845542060856,0.01310525572500416,0.027220303640501216,0.009805939270249316,-0.00970765539082342,0.020575155448994277,0.0017365406093798864,-0.004442351026675906,0.013047779698497441,0.021133499100738796,-0.0017086613399331675,-0.022226605066158242
-0.0015728446307602438,-0.004202193594598269,0.007922479357036837,-0.0032514363171798916,-0.008848399265838346,-0.004756778021291446,0.002894849317604419,0.025772746443244184,-0.0069476626538581025,0.01008846547962193,-0.002155609532526609,-0.02245851254157484,-0.010855022865123574,0.006971178859381383
-0.002262943410706538,0.006467070772364046,-0.006084532896294442,-0.002646866555418185,-0.0069032883430953105,-0.008551701129276215,-0.008316481617707636,0.012452180293165582,-0.0005196185578028902,0.016169316631541437,0.002447275558334614,-0.0030196169803810547,0.01125430962844432,0.00589598895327205
-0.004640360477464954,0.00832647634151411,0.0008890967235044921,-0.006786877805349332,-0.0004995831001592085,0.00474780640955592,0.008407775273038244,0.025883032222360096,0.007245416589036865,-7.918485316227109e-05,-0.01352387698426893,-0.005018926544131083,0.003732197131002859,0.02102083316225542
0.0023973762904397765,-0.03958752669646424,-0.005573531193438028,0.002085084383320835,-0.0017359632492485288,-0.005756729936465532,0.01076271687687178,0.019139498170136444,0.003840188090212599,0.006113230062682972,0.024303455528744366,0.005423713617705802,-0.004048249227759023,0.00765068972120095
-0.0010894361357903326,6.692041883781224e-06,-0.0030535448615362686,-0.007699333257199268,0.0043913116930565516,-0.006121837628570667,0.002719789464130805,0.011692212271108362,-0.0006731508409270362,-0.018124039963470777,-0.005581619260811019,0.0008097380688570719,-0.014208539934647145,0.0075217190948684695
0.003317472054489846,-0.013005138414088084,-0.0020225786238360012,0.005005884972916495,0.0012758047518112328,-0.012295771377022017,0.006741761819739832,0.011493860377039828,0.006138290771049249,-0.00032124740525814874,0.02534097881972054,-0.015340821465873324,-0.013183704439996927,-0.009175960381521102
0.007510590620669098,-0.004543870246500436,-0.007214607710068769,0.007976231759006242,-0.018010352052937707,0.010129327355927826,0.006831378039679818,0.020105382244458597,-0.0006742038350102037,-0.0019120522066841154,0.008528209385910321,-0.026522642962082003,0.00029493390437586016,-0.031809548208274155
0.00932960191108835,-0.00239032911730174,0.0004982311652658424,-0.00755476890737801,0.0075795286621244675,-0.0005815011154566773,0.0005312265221908558,0.005609331758263911,-0.0037007227710338982,-0.0014796093018252265,0.02459645340020809,-0.0072076390457186225,-0.005732037613912783,0.011815035006859303
0.009863352020520305,0.003914400763846668,-0.010287530902229133,-0.002749714433445758,0.002545540769646552,0.014205912870661669,-0.006123608373175705,-0.013642519221244832,0.002494438583780404,-0.007682334760805297,-0.020432064427235833,0.009931734193891859,-0.007428535067547104,0.025602018856218822
-0.022369981740717144,0.0030564817086157292,-0.0010353586893873527,0.009548701388151627,0.003921464154163327,-0.0026549234689255026,0.006135697370599415,-0.009179485301500312,0.0019381699896232388,0.010115496209759529,0.0010387626633463866,-0.009568467072175534,-0.00048183350495159804,0.03448430659593302
-0.0030479176364672594,0.002625736907987022,-0.005236114364109573,-0.006603437011306212,0.008037953805081339,0.007791190104503746,0.0062051088348460985,0.006237759646299899,-0.0018808222110554599,6.280070299956763e-05,0.005792015514674114,2.20642163745595e-05,-0.0007258540484332384,-0.00918626095959431
0.006826867226166556,0.010520564271246688,-0.0015427694712854473,0.025471029113190064,0.00956586686843293,-0.004144576658873247,-0.00949479015231979,-0.030838077728615958,-0.001664913421897882,-0.0028706024296377354,-0.026649240560744462,0.005708230445150497,-0.011362594747480104,0.013196876111799868
-0.007058717823457928,-0.003373437595770977,0.0036072817397497458,-0.041302520982765795,-0.012197146756895419,-0.010392243469341379,0.008076905686179978,0.010635055844171522,0.0012083817270832286,0.004867629091702589,-0.014888640068936096,-0.032299479099602714,-0.0020864752599406003,-0.009129149973125432
0.0013765440288964089,0.03877997051513498,-0.03187846523200179,0.008890153016582398,-0.011832000850409304,-0.0037976415329127973,-0.011825854180628419,-0.0037550290485083905,-0.0024987621918335073,0.0005515584966370358,0.012198810474719395,0.018384629090166908,0.008136440614488708,-0.0030526195103113235
0.00477920280627402,0.006769649250054615,0.005946223430390492,-0.019285528374475634,-0.009839482892467255,-0.008672804811187188,-0.008879091616256874,-0.023896062086225633,0.009602697869943942,0.0011977948863947576,0.011885239853226735,-0.012958571123430058,-0.0005298043729527091,0.0024363590842639616
-0.008636338535486138,0.013310399395144334,-0.0019348347987290344,0.00788609213275001,0.024903960500917352,-0.003159274844906206,0.009384854377458916,-0.000698490827123784,0.0019245216926009855,6.86662750926733e-05,-0.005107430434152056,0.021117107390038692,-0.0033938578842064096,-0.009012394880766007
-0.008521042344088493,-0.005302363002564851,0.017431914572241195,0.00012952308998387418,0.008825597761238466,-0.0011816078358820054,0.007833915940685603,-0.013851636140602589,-0.0019133405556617125,-9.987974278017543e-05,-0.009958658980427184,-0.014263368004040185,0.01327900879232873,0.006913909238415319
0.0011293551204230464,-0.008641819511686095,-0.012804389787806115,-0.014391770632521115,0.02571231600717948,-0.00839079787158297,-0.0018066659905298943,-0.0012312238719509921,-0.008072137032869438,-0.00214370387636829,-0.008364048064317599,0.008101156151703317,-0.01779461241179209,0.01027377557714012
0.007303268434876804,-0.0017965410204317696,0.0022262421899832056,0.007803293434248787,-0.009937951996674467,-0.010116877877394813,0.0057647459178660175,0.01446676973500239,0.002309490959039213,-0.004445871574102366,-0.011719016430301309,-0.004303399632438845,-0.01030319969680639,0.003273355844906815
-0.0030502674508887852,0.02229815256568198,-0.004673735080659943,-0.015407362289714692,-0.026892101682650018,-0.0008610198318065868,0.0046547844521330345,-0.016558642269153927,-0.002944380946811864,0.0009908728232270185,-0.01444717901400187,-0.0038226770950242836,-0.004784202156723051,0.012779988048407142
0.00012943687989731974,-0.020016317216483878,-0.004656543877230397,0.008516613192531948,0.00898654020164676,0.004206576267966964,-0.0033384684186114435,-0.02127284381559489,-0.0010537139522027155,-0.003414700212836918,-0.003749593232256536,-0.008910904932665832,0.009969786707541419,0.006422492175381621
0.009549559652148652,-0.017416466634702723,-0.0037894921647944795,-0.0028317662320814867,0.0002682255024737117,0.007080749769597506,-0.003190333768783494,0.020883458685934973,0.0035712805565385297,-0.005179747199117082,-0.009727464640584391,-0.009559722184709806,-0.011924269517149876,-0.007420851285106106
0.0028398224133638246,0.018537239681737313,0.004170852343427304,-0.020551410095644942,0.004648230717743163,0.0004723708458430946,-0.0011879829441290468,-0.019320278194353266,-0.0059548652935225935,0.008087567454650309,-0.006856394808788435,0.0035213515809162615,0.014666216320376606,-0.028037545989946185
0.004697022793554316,-0.004593055016776828,-0.006663922762527311,-0.006968842128430343,-0.016848649366373616,-0.0006782791957752973,0.0013733781633546963,0.014296291497205486,0.004521142443625558,-0.011129287218380048,0.010919189295215844,0.022633180905889862,0.010683915432452219,-0.002580324958137945
0.0024604797763726387,-0.0003460863230876714,-0.002918623597220766,0.013971470504342384,-0.013555654626163455,0.007545328654987705,0.0031407691511342686,0.024542356446739588,0.0035116154180302966,-0.010391427606681648,0.005639803780726621,0.0032804793874770593,0.00045373056259877785,-0.0007740082845193984
-0.0013855556698292213,0.0020840076118349535,-1.0208126047945005e-05,-0.008200182302580286,-0.014994664880421853,-0.014518650550584685,-0.004815074749970924,0.00483534769552034,-0.005207282866750075,-0.006592552476374813,0.016948620488305415,-0.005481253734994086,-0.005254359291895679,-0.008719195556527325
0.008754794617519827,-0.004041359549818409,0.01800398718963575,-0.006547335035918807,-0.010908685648029577,0.01330200078374001,-0.0007618811426237476,-0.003491517929036211,0.001305430889726359,-0.005814287657795192,8.094243421858436e-06,0.01806499210833326,-0.0016981578620145312,-0.0002648661377389478
0.01015409612797297,0.011979928695602373,-0.009161377664680786,0.005156428986200924,-0.007565817994563982,0.001394118293086567,0.0010821122466720967,-0.008875984253430547,0.0021688863881525132,-0.007123724239072569,-0.002370574619203341,-0.0006990811255652027,0.0018137274284689153,0.003416941974258236
0.004175955301610424,-0.0033658779052238882,-0.019107061775287985,0.0010366777321583354,-0.02270390361330108,0.0054740465483695665,0.012781431335715989,-0.0077038049368503975,0.004864036171813753,-0.00619796493747721,-0.008493378362732323,0.023344902838750424,0.0038812220794272917,0.003723735011133245
0.0024835290476113727,-0.04142596968010579,-0.0030308728167547727,-0.017232251011878606,-0.00440250186421524,0.003177394287189062,0.0015162333198665155,-0.008470101837363193,0.0031308181282795077,-0.009340064720751625,0.0020507163991084956,0.006138415669973581,0.012814902002478076,-0.003924738246949119
-0.0004357964166919624,0.015900754273849085,-0.01200275874316517,0.030654633733931746,-0.008221164037857527,0.005157988659915569,-0.005564164881936431,0.01530798262488246,0.003496730084913488,-0.0002099362077146233,-0.014121086970537666,-0.0010531339729262551,0.0036607702054426454,-0.004122806005323835
0.0045681796295637496,0.014107896832732737,-0.021349065032134337,0.030384668371674584,0.018203396693290123,-0.00015091482169228465,0.0051017359403750144,0.000686532704960089,-0.004109024574447502,0.000649743212924191,-0.01798869789997241,0.014606188747018646,0.0001319351681988596,0.02080107282244269
-0.008828270931785556,0.01346542873163429,-0.009850397649214478,0.02293421523809707,-0.010853156476887487,0.010672636869380562,0.006315257188297105,-0.004737051878593282,0.010092955219243489,0.005750791736844231,-0.04127189706871957,-0.0014534817449583309,0.00756362593447385,0.024589570780462932
0.0009923615783942459,-0.0004091686400240289,-0.007976700031374797,0.005382776241136825,0.0005200662549719201,-0.01675289287082388,0.008545715961466341,0.035889996933291694,0.0006016275373234826,0.006380039787041295,-0.021194286998593246,0.013840672835948267,0.019917443305168203,-0.0016105333026800227
-0.006188349396748089,-0.002149124293594734,0.009339859253596,-0.004869875738185276,-0.010745530322682833,-0.001640910146104328,-0.001485801805162279,-0.016136680041266765,-0.0010984577160084088,-0.00787067639039898,7.709591722400761e-05,-0.018515238141568555,-0.010400250519524553,-0.007076913289132269
-0.007674696248073706,0.007454738401333423,7.004744548963204e-06,-0.015524990720199442,0.018019481309500505,-0.0038739723337648502,-0.002453237529461218,0.006618009400154891,0.006227522092115205,0.0017345614501962044,0.020050447423954943,-0.006695684522856331,0.020167604273838582,-0.010957891001210708
-0.002463091520809774,-0.021059071852808236,-0.01293125685016047,-0.014917729049192,0.009935734451939895,0.0059148913339835164,-0.004955906693500363,0.012214853459729943,0.004724801800261414,-0.00206771100879737,0.003766060908058794,0.0024184800831239094,0.0016946919478659766,0.01494493727969602
-0.013885668358789053,0.006342980767776917,-0.0075165147210469,0.006389846455787866,-0.0027731276702770103,-0.011459783162762494,-0.00805431180425414,-0.011643500502488137,0.0037441759779432704,-0.005162834479855728,-0.037984870959001354,0.015747711759668187,-0.018886120571370162,-0.0034308015588912118
0.009198655700564414,-0.011087330120612348,0.002443304212503798,-0.0013143293032496129,0.006363441785330018,-0.0027778465787340646,0.0021909383945323655,-0.005758984018451029,0.008964512143608805,-0.009752080977762041,0.018496242456771544,-0.022396980405566327,-0.010832600743893011,0.017114321958431055
0.01384067856817325,0.00046089034204392594,-0.007798866467512727,-0.01062492020229295,-0.00607178766802097,0.010232848566198506,0.00596306607111112,-0.012761898292744269,-0.0022547437816739352,0.006523918239175008,0.01230512259522518,-0.0007374736656846908,-0.003440863503277393,-0.009677811867332504
-0.009683743392690203,0.009902319277099371,-0.010201118566223695,-0.010869095046320483,0.0043278577207972796,-0.00230207756112807,-0.012337676115461176,0.012527309133557969,0.005543897550721169,-0.0022744089796451275,-0.0035371229724381844,0.021896123770514926,0.006158240379728863,0.02090866008429714
-0.012291973544333224,-0.0065850649658562915,-0.0024587543904922345,0.006783859533222242,-0.001550944842521852,-0.0018948773750198577,-0.007017115272020921,0.017861600052516847,-0.0012498864350329987,0.006963225486865878,-0.03269695841134218,-0.024293446573472564,0.0059666468476523606,0.009289340455791386
0.0032065738242405117,0.022477964263618182,-0.01185144844050354,-0.0039439186753348655,-0.0023782507979973632,-0.004842339309219998,0.0047031142020657595,0.0011083988057654375,0.004866139768620665,0.014385794514219365,0.005046436877621287,-0.023373730489464985,0.003955463551691158,-0.009984815677155146
0.011691164758113229,0.012864671592006011,-0.0015854788623967965,0.0027507686441293894,0.0008796239802273154,-0.003971850703054633,0.0033523941243922832,-0.017696227621990714,0.001724876217494886,0.00500766463982479,0.013455754210759544,0.0048466323925167015,0.00659916814028774,0.004780054189842618
-0.0006736051807771874,7.726256390957447e-05,-0.013697365311234328,0.01617391360803976,0.03261826481740681,-0.00958211978137078,0.0037572936532207567,0.001701325604345585,-0.005333416184477261,0.005322208436791581,-0.003417482416684609,-0.039716748981963014,0.0057148479860197965,0.007624524994777378
-0.008727217225993315,-0.03081041591763731,0.00639643821053899,0.0006725565731889023,-0.008646564686370147,-0.002899011867624161,0.0014821950944386836,0.0005170344547825926,-0.0036219366722861114,-0.00367562074291036,-0.00758519805191687,0.014344733524410859,-0.015699112220695394,-0.006102087926000416
-0.004884577226737378,-0.007193904750347978,-0.003338402634876675,-0.011776686888265664,0.007597681559941352,-0.003781006760853211,-0.008940604578875423,-0.025760246563432246,0.004351125035971294,-0.0018787615131662394,-0.0056999089982225914,0.02668810439246777,0.0010759388596839757,-0.0052877472262944656
-0.002010453605275299,0.024360653099093667,-0.012120480081945276,0.00037245346151159497,0.016359648577300174,0.0018575203706594696,0.0010518731465261565,0.022307989857694027,0.004958014543760325,-0.007485852119575023,-0.0005438990481393615,0.030251950678217968,-0.001012364484303526,-0.018737603396286752
0.007005404513371342,-0.012222504444524752,0.007949738570741367,-0.010893772262575402,0.004228761461347894,0.0038738093035207114,3.4392005709091246e-05,-0.011294288576484625,0.0030324740397213957,0.00583761627981134,-0.00239977566579957,0.020418334579267585,0.017952343525404212,0.00099275536245473
0.0006790263810331127,-0.007972956772214074,0.0033412416760716193,0.015268363751759068,-0.01868435671223961,0.008000868752838548,0.005245675968019611,0.0033542948787951368,0.005285624748196772,-0.0005729393349868363,-0.02328712689312014,-0.002853733755078397,-0.00440612868076304,0.009796674657710534
-0.004104944972404345,-0.03696111922369843,-0.00465220085267102,-0.017805694121755564,0.00350080012754505,0.007387947532278001,-0.006156083968236305,0.013859794041014636,0.004375310225442737,0.005568262273660796,-0.01698316570556659,-0.014813443553064154,0.0002885982402183922,-0.001068408572293153
-0.007011299665043195,0.016607932242123365,0.004355332669200987,0.01231984862717398,-0.028825286874846517,-0.007989807520735755,-0.004067476553736079,-0.006071838137883891,-0.0003175735688654557,-0.00297300486086734,-0.014228530622757295,-0.0037560031960049154,0.02012032455752863,0.03582015116889414
-0.0038650419949702607,-0.008102072540115524,0.009921313985378396,-0.013459716404585315,-0.030265521597313234,0.012687597932876812,-0.015580997150177606,-0.025538943272200576,-0.003397918641881673,-0.010432703109453052,-0.02805198359341887,-0.007595165103252623,-0.013974126375614517,-0.017629625141327557
0.0011084848880615554,0.003982194519508829,-0.01184739737459114,-0.015527965336870352,0.005180706920966957,0.0059827279707151395,-0.0023666326742702234,-0.00040204137380162334,0.0036799955831444985,-0.006586550630864501,-0.021210205255567514,-0.01887889482788314,0.0012515878980764762,-0.005182526669250287
0.002348889833302981,-0.023472465659980405,0.01187830031940806,0.011359550374577122,0.018173421565648717,0.0073573288222526095,-0.002529113695353314,0.018179585767309884,0.013049677596449457,-0.000244117987717265,0.0252500533391032,0.007855148887856994,0.006814324736507272,-0.028449990165805333
-0.0007441786514014681,0.001487003431072689,-0.004919705707810219,0.0023185944654085505,0.012259962996175213,-0.011847431510969614,-0.010477491911393287,-0.00501965917063734,0.0049234424661870795,-0.0019790562466427864,-0.03202988040308152,0.017135165313366698,0.01842635259613344,-0.007125735106794829
-0.015308572222677813,0.008999035930423822,-0.0025818517962219335,-0.004453691672161716,-0.014583007719412292,-0.01380095495427878,-0.0022053928522747265,0.008503130742335186,0.001912207346345198,0.000759046042833638,-0.011755527065493834,0.030196018992148833,0.001567620839318555,0.026655903400477642
0.0006072069498119306,0.02872405117795459,0.003770704605395053,-0.004314825960742188,-0.018766083039652885,-0.004525821987328537,0.0037600392963367205,-0.0069142469400823095,-0.0032534652020811522,-0.00017730836074041886,-0.017245507961135446,0.008037334773779192,-0.018801167547000737,-0.015663814352522093
-0.0012138903389485932,0.0038707119553916466,0.010296097436745316,-0.0002759852812608114,0.008645165128227201,0.004741344473911696,0.004355329494399957,0.009446870994987248,-0.0022031220979870066,0.0001460040496175288,-0.003941041411438872,-0.0026875019435517625,-0.004394824089595812,-0.020088277345730564
-0.00044285033367132945,-0.004062534358034289,9.328625958885738e-05,0.007116685377026998,0.006784937252041843,-0.006207376519539485,0.009582378348549265,-0.0019634722626684278,0.0037428333389295672,-0.0007928082328193866,-0.010922971571109146,-0.015981923710883687,-0.001771680979182569,0.0015623245915370727
0.000878613755893483,0.007329146064100548,0.0021299171783464256,0.00368945497384154,0.018959802712247176,0.009290186710867619,0.005705446197031933,-0.017058358916177536,0.00435125647447093,0.007684381216111337,-0.02021619471121253,-0.030412731470501896,0.008886063766442286,-0.011915705952533844
0.012094400106508696,-0.004473584598890635,-0.008869439296136341,-0.02043885017422032,-0.01814263167302835,-0.001787656024846478,-0.000702730301636805,0.008916784900302305,-0.001413555813890757,0.0039267037707506934,-0.006395038637044162,-0.027285934376531835,-0.021311604166040683,-0.03799290113252267
-0.008139594320519685,-0.02202565714819774,0.00282835231289108,-0.00894322545378411,-0.00976909887091222,-0.004318579168727227,0.0051406075563655,-0.0026084439599026506,-0.001874430329693804,0.001881097661070114,0.009822774280136108,0.0100969156734111,-0.003796930052080976,-0.003099576063973833
0.0008582361121431352,0.0029580542417713255,-0.004731443711045687,-0.024479353951183537,-0.006586402191979908,0.015588510585184559,0.013308746493782813,-0.006635197323304763,-0.0018904581715840012,-0.00400132311725734,-0.009820512501402609,0.005482460741313396,5.90061158857886e-05,0.012533470937190176
0.002694428180966539,-0.02136598220098327,-0.004810555485380617,-0.017349989601101054,0.021791750954018634,0.0003994412972550996,0.016944518912441645,0.01856068161792293,0.005265344978903209,-0.006369097372423171,-0.004924489142586038,0.013197305928600038,-0.011226786534585654,0.002264549350440028
0.00196113666820578,-0.0002019012763509559,-0.00420774892182418,0.016114530388127636,-0.00933047582936667,0.001756687451556236,0.0035139419925362646,0.02908378632024359,-0.0012975746677427228,-0.0006207886251929015,0.012621224187366917,-0.0002651403529884414,-0.0014381633699126868,-0.017759178293608933
0.009454706308692794,0.018070611039157684,0.0012706529936139328,0.010317973845006032,-0.01165277926485851,0.006615133030583134,0.006235926169853767,-0.003601568676261927,0.004471607866925707,-0.005047682853120489,0.00788610276978888,0.006427840162417235,0.014279655094927863,-0.0011168062197868171
0.003485094614253138,-0.003322560739891636,-0.0035490717761257917,-0.005120405149503511,-0.010392107817513626,0.012370546654410173,0.0030996930257173928,-0.010370326606918933,0.0008139310461778897,-0.001258210055283393,0.013298969256431445,0.016134291208275666,0.02420315069418372,-0.027105795289662823
-0.0007677088454933508,0.017182167720684,-0.0041726042089858095,-0.020301230502331034,-0.025402931891592265,-0.007521792263694606,-0.00865816564971308,0.012622132387407484,-0.004592650119940362,-0.004640381748267477,-0.011876349878936522,0.022064713293618456,0.005857566232318634,0.011952677482450559
-0.0050361495807784784,-0.006537078340904923,0.006618434579062375,-0.0009668261961375632,-0.0004462894802697069,0.009345846449201669,-0.007320146878659193,0.021076355416633365,-0.0053510567451326855,-0.006461732533078044,0.001471353373186685,0.015288007849952441,-0.011193569016597942,-0.005578260580631618
0.002020261211282486,0.0002204107121656394,-0.00813961356327612,-4.383739994561981e-06,-0.018408342602244585,0.004487689492681861,-0.001316958963840628,-0.021562336097144155,0.00590327077741295,-0.0021379663561315503,-0.005348562932052977,0.014521175653216598,0.005065448835625684,0.0003299059199520524
-0.011967740674739045,-0.006924939577995371,0.016652224191634372,0.0037524199366107064,0.004223624818318295,-0.004425006075199114,-0.006239440995444504,-0.005844245611132521,-0.0025448348394570336,-0.006161684134914271,0.011170710535291456,-0.029543242944552156,-0.0016903355989376998,-0.013958798116975367
0.013628987489289545,0.0022120222359801795,0.004766682552151779,-0.0017249292004454112,-0.0030495352052856126,0.004694806297940843,-0.003781793800151443,-0.006910497603235239,-0.006083095698348934,0.007032294657840824,0.00355361268444181,0.00150541086835425,-0.012408622709311442,0.0008680957721542425
0.0006638516446218598,0.005718197877724929,0.007193410080772737,0.005656497109059201,-0.0018527792121948283,0.0157267682157831,-0.009422623358580554,0.00942043174632148,0.0027173327515301222,-0.0028095760570042015,-0.01661867797471751,-0.026571592143900858,-0.0035098428120411787,0.014050098171016785
-0.006618812943629307,0.010562553969011746,0.0031197169462137742,-0.0035298664218766113,0.026077881001832073,-0.003688130435646778,0.0032747532903898624,0.0033879316447462476,-0.0005615896762223752,0.007683508282174767,0.014493332885229707,0.01788104693312079,-0.0010346639288230746,-0.015424818614777857
0.007084158490806449,-0.009733316289105466,-0.0036439732056270675,0.0001631652062870906,-0.006467436279514775,-0.001048359981451935,-0.0009217694034726193,-0.01589958071449432,-0.0003821303394606148,-0.0047722226279837895,-0.004875154190585298,0.011748117140019486,-0.020830267317424003,-0.012855475385645364
0.003615564289214607,0.01500316047106252,-0.00791815565965141,-0.009764919204428412,-0.0232237740987214,-0.004819533429905114,-0.0026839378809395166,-0.005681579555376536,-0.004890252963914368,0.0038086516766824815,0.009574251823583789,0.0027611888283069533,0.0004113284604311158,0.026274799338013445
-0.008271036477418439,0.008133296021929136,0.0028002392476062575,-0.005442193664840145,0.004701646777271148,0.00943962145651711,-0.0004105048601574059,-0.02041380075049284,-0.0018095837514498783,0.012583845561295997,-0.004532565972280704,0.00403587641883998,0.003380532089885242,-0.0014496062010200133
0.7270457742347646,1.515060860519363,0.8629145084744757,1.253806499990879,1.4643156354097615,0.6986760737363402,0.6384047069348076,1.4612483790208162,0.5286096404093474,0.584943418090742,1.3703892639537891,1.458765863563752,1.0705425989506443,1.3672617195840286
0.7302663671135624,1.4940968693509926,0.8679037796775518,1.2477598591262054,1.4755509247061536,0.6991966809871093,0.6380556936049552,1.4758603505507233,0.5219574846380991,0.5816198045614103,1.372201597355232,1.4482697858187576,1.0609420496039301,1.403106718974389
0.741579649850414,1.4880016218364158,0.8598431066422731,1.2370173810743,1.4610217295339236,0.7044633868836546,0.6433136056351141,1.4671262769757656,0.5131520571757633,0.5737783864863708,1.3672200978089342,1.462222572098718,1.0671342963450687,1.3914285098060264
0.7368401532430695,1.5128765734755716,0.8697807041330061,1.2528844227108658,1.4705091618315809,0.7030679307152777,0.6332273786210504,1.4815694436582583,0.5215298352412258,0.5755765943685901,1.379619811321102,1.463991475690708,1.0421610340727203,1.3671935169883875
0.7397881671569857,1.524389984576049,0.8648477231027638,1.2609951562974777,1.4850367295419973,0.6980794014648832,0.6283894338578362,1.4996129924278456,0.5262597068456936,0.5829505316492654,1.3672685859154183,1.4343693381581344,1.0511254151119849,1.3685123920029247
0.7338631332164159,1.5117751923621288,0.856603018022633,1.2520642775791766,1.4580387266372938,0.694925514852547,0.6360482538710932,1.4545848900766567,0.524570934270722,0.5763964148622535,1.4083698260812318,1.46447019694017,1.0696187099424173,1.375833989597288
0.7366448600584916,1.4910680594467474,0.8517660082979542,1.249939969002604,1.4600867991601214,0.6989511334525583,0.6286419396415299,1.4597338360276486,0.5315226967540702,0.5715696010223354,1.362762085834623,1.480905179285072,1.0491699557594596,1.3383425035038727
0.7437525099552474,1.4916238186486939,0.8610608614639204,1.253890637296295,1.4451022953875703,0.6880193960903513,0.6275919104547646,1.4806215624219667,0.5209271752665291,0.5788270051915393,1.375011112371432,1.4674876709687306,1.0309174002845325,1.372952565377868
0.7416184978420889,1.5058840871200623,0.8568576534271583,1.2465657429375285,1.4279536825720365,0.6940514239629022,0.6365496200565707,1.4717399892423741,0.524302279705578,0.5901100122320326,1.3893083394259955,1.461802530101649,1.0511589989555516,1.3789922159628414
0.7257906023113537,1.4840793746276861,0.8377752588525221,1.2386806989558927,1.4790222548033656,0.7060226364560119,0.6380486146858037,1.4750329192552942,0.517452997232923,0.5790167167393991,1.3724534431589221,1.4835555335846875,1.0497757102121923,1.3617472575668008
0.7404255895414332,1.490373979100208,0.85014988005889,1.255035104095831,1.4520145909016344,0.7071414564754073,0.6344896180206865,1.472247045041398,0.5222345799622649,0.5847829561145238,1.3668061353151884,1.4654796613583716,1.0621401279946379,1.375529605708482
0.7306602737830615,1.4945644538710856,0.8710947508541267,1.2657897851932793,1.4468081554871732,0.7218039526555771,0.6396825822959045,1.5219991296479543,0.5263980648881927,0.5886117815331556,1.3916983682968518,1.4608542841202745,1.0342144873116508,1.3876496288475841
0.7444478075364317,1.4983262372804829,0.8498204706939463,1.2416758184818928,1.4755809588100248,0.688323755520664,0.6331432995849774,1.4804932207540997,0.5341972248209397,0.569317623292239,1.3851464263832094,1.4727117516901032,1.0455420225334606,1.389134948054175
0.7372826366815916,1.4981596288441636,0.8511183300879097,1.2294716929289204,1.4623096381906726,0.70512140494371,0.6270599606643918,1.4622968846257693,0.5296081632812575,0.5764559679825654,1.3510429462947737,1.4713557815546208,1.067874077092408,1.3696415984268553
0.7305417173980159,1.5056537714587068,0.850551214011848,1.2461381041897903,1.4486912972844195,0.7038628860940481,0.6314326794051549,1.4881132349248014,0.5253322711939826,0.5816179519541868,1.3840328690003463,1.4452654988589986,1.047166434498281,1.3965865169895826
0.7380740658048283,1.4952912620675676,0.8642751820679183,1.2531553301022549,1.4488080867764823,0.70814714672179,0.6429837542432238,1.4835290361392717,0.5292115572320083,0.5714768884453456,1.3607295179463317,1.4717358646581473,1.0551646716248175,1.372532701218843
0.7435499701184866,1.4926363060445056,0.8535913080197816,1.2463909587067497,1.4456395626745586,0.7042853095817883,0.6232829054288015,1.4623129231054455,0.5145817856364715,0.5774473470879002,1.363660197786138,1.459953531983364,1.064281040579789,1.3689243717331017
0.7494801638542183,1.497545332982922,0.8558908235230487,1.2592846603646737,1.449463063314282,0.6948869637697123,0.629165163395652,1.4930672081105292,0.5249870035164198,0.5801301675404575,1.3726877039854946,1.451872761959409,1.0426919116256095,1.3818711422443344
0.7402508587520443,1.475704832864202,0.8589138449701158,1.2449253813470906,1.478373819739184,0.7070182925279577,0.6455875321334541,1.478049568208919,0.5303820064925086,0.5866189181572468,1.3786086092732348,1.456218794467335,1.0462491862130099,1.3645400325311667
0.7463001138372752,1.47052215616413,0.8743944788883767,1.2543623038389313,1.4818826925506456,0.7020671869530849,0.6418585921546704,1.470578412425861,0.5317171689869128,0.5855734606181557,1.3868938878299952,1.445068077230252,1.0430566435317374,1.3720210851230596
0.7612757632478817,1.5024267771048567,0.8488474109687323,1.2449528277983422,1.4436701016826599,0.7018657625575693,0.6529431685800907,1.4512736620976874,0.5209971723950566,0.5838337467570732,1.3911304128712079,1.4515828931391812,1.0438228350800631,1.375539971178294
0.7429667095288617,1.487077879353031,0.8489577237154109,1.2331898173149898,1.459222033883897,0.6996421505613861,0.6259287398120709,1.4634276654409224,0.5174760399200996,0.568038179150127,1.3705968836549478,1.4806224398257215,1.055160377934063,1.3986953694651556
0.7348944199894047,1.4811001255499623,0.8620103253725703,1.2441898440665615,1.4665353232109533,0.6973832227860023,0.6331558815134665,1.4984973915494717,0.5279740167452458,0.5739323526433563,1.3879220759536148,1.4498497423542467,1.0713434062517853,1.387672744424536
0.7435505408275781,1.508030845721452,0.8488336216340473,1.2407513140380584,1.4946870638479137,0.694670853329127,0.6272346892648881,1.4719616270136329,0.5248835892344651,0.5698232289908232,1.3721620336015137,1.4593161318857515,1.0582896616752935,1.3870179828594726
0.7449507212427915,1.5018852848977093,0.8395279266967591,1.23717407722259,1.4802471642332948,0.693562409163683,0.6411359596904017,1.4678591467714728,0.5149531772779014,0.5805054369370914,1.3437920940426542,1.503967536636193,1.0760858860296205,1.3727010759487077
0.7334348277537326,1.5062429915421485,0.8628728441993029,1.2435161811005846,1.4777128436816256,0.7104945146948792,0.6440777291082638,1.4893498613563514,0.5224618396897067,0.5869848169150861,1.3849871246726728,1.4840788279965287,1.0648011732754843,1.3883543933581348
0.7255866924087822,1.4866310052821605,0.8448189690799388,1.2418832354006228,1.4469422136095966,0.7110609581455148,0.6290332453446936,1.4477372962842743,0.5182860399967925,0.5706486814487676,1.3895949504144065,1.4790000651350916,1.0590439089648664,1.3836541382962793
0.7412675736386931,1.4805042907903976,0.8372519731835653,1.2502670135546348,1.468715395163996,0.7064667744353472,0.645931238741655,1.4883161578896846,0.5328673743185215,0.5728570200919619,1.3869372157117648,1.4709325749713433,1.0730157551120065,1.3602789462431146
0.736770959529118,1.5041111808566758,0.849088777746638,1.2463245968980952,1.4549790971664824,0.713755638271346,0.6509078881069963,1.4745768379813482,0.5266529352168793,0.5749045513017647,1.3883581643132576,1.4526431249007907,1.0616241877362065,1.3636316192872815
0.7456062270175615,1.497656823922206,0.8594035242912464,1.2586621981088866,1.4686494623050264,0.7009933423492546,0.6327138854604926,1.4483556890304163,0.5266413800778914,0.5731524930387549,1.3945142341073058,1.457796734750906,1.063143950984462,1.3836011984810854
0.7361277580998346,1.5108578458695274,0.848584474976317,1.256818758286903,1.4537826243319607,0.6930042864511384,0.6210638977900169,1.4858935659324277,0.5220312371991224,0.5776113045451342,1.363175306796111,1.48657750850767,1.073271476994781,1.3870874358331782
0.7400484183785773,1.4861970171002166,0.8526937679301164,1.2183135283034736,1.4685695609462468,0.7007190799329918,0.6402003299193806,1.4423111941169529,0.5247694542047465,0.5818643638101441,1.3687832249367136,1.4544833957807832,1.0704013878049747,1.3899832280700344
0.7394732575661058,1.4875849273534552,0.8560645481922757,1.2303979648481076,1.4790735708649834,0.7069741101008642,0.6269864687800877,1.4655302765191918,0.5197238079143015,0.5734467558218976,1.3467092453664353,1.463956957499764,1.0510998924157138,1.3632469768552034
0.7370633523680841,1.473644964748158,0.8414452836443828,1.2199839563110744,1.4547983665713995,0.7014853509538058,0.6168817071385515,1.4429606031697477,0.5231357817872879,0.5751795270500788,1.3980849537345705,1.4819541149238677,1.0480493259677297,1.3870981057965002
0.7439951826006214,1.4902134859344858,0.8340877405082328,1.2592303861778997,1.4530080312938982,0.7042468054803037,0.629482228825514,1.4615725820453578,0.5249786650123063,0.5778389487247908,1.3419558215494913,1.4565584509733116,1.0481985120720527,1.3776620249350624
0.7325949916113964,1.4947440118169353,0.8574534140207228,1.236246895017855,1.4473970013984288,0.70480712238308,0.6333539712649587,1.4569176947773552,0.5228394256450852,0.5759527163677599,1.3474068977592137,1.473310503705534,1.0477502002075785,1.3574993691162998
0.7380235810760879,1.477095469838476,0.8491384475560646,1.2462877651630266,1.4661682276264068,0.7004713043975587,0.6391410113108829,1.502163202816984,0.5197388061394366,0.587385585485871,1.3843612028885217,1.4425941987903799,1.064293771085021,1.3542031576085092
0.734260466541935,1.4709364856200364,0.8522301807031947,1.2514744135259688,1.4627799415323757,0.7008923317163291,0.6485387421929514,1.4673191677481798,0.5188999602377367,0.5859260222480458,1.3813222121980218,1.461802297025315,1.0690341280465039,1.3776442715761683
0.7411811401178616,1.5041447421821665,0.8663846273589514,1.2258600763243277,1.4699493393158622,0.7092325985594948,0.6343795462039689,1.4641321728982968,0.5227360999434099,0.5739522555139134,1.3441734416237088,1.4639282681557246,1.054753094908526,1.3619079022087996
0.7432123340152784,1.4841858027358934,0.8350673535860396,1.2358646350991354,1.4579816166528596,0.7033720974345581,0.6414417503795512,1.4895734933430358,0.5264022433767517,0.5736211682863089,1.3509314294544557,1.4420402296515293,1.045425674411076,1.3494451793469182
0.737628221742336,1.4860225050022868,0.8555754417218977,1.2378025175942444,1.4658127474396052,0.6929695654994567,0.630919990581012,1.4673746263835683,0.5254531657532961,0.5771950032936407,1.3820989648395041,1.4526182457077497,1.0534036001022702,1.3712701943937848
0.7417099035174278,1.4969401323477158,0.8614809437164959,1.255494252782699,1.4541693770717514,0.7129748917652466,0.6374422102263254,1.5151759979642678,0.5198219949437582,0.572091834559197,1.3704992887516312,1.4703713376539291,1.061492694146777,1.357378765554209
0.7300841476882104,1.493786449564376,0.8475437820554376,1.2556727610025606,1.449308530042924,0.7053005349543761,0.6373075203717353,1.460072274988335,0.5237354381586181,0.5772890780178696,1.3821851254719566,1.4583014426601035,1.0503248363062023,1.37442218163995
0.7393792654421423,1.506739043897723,0.8377388382967821,1.2658303804790583,1.4836757855806721,0.6993222105478496,0.6335425129820507,1.4905262295497899,0.5273823123412618,0.57463065138492,1.3696227996656412,1.459493815822804,1.0688304563373672,1.3645577788049101
0.7397166970904697,1.484006849225877,0.8460036411817102,1.230134608573244,1.4650017044799555,0.6892506194474514,0.6395886291928614,1.4886812795428477,0.529930589136436,0.5781659978906314,1.3773278700053377,1.4627011267668528,1.0592452154859167,1.3780826869414502
0.7450906707128369,1.4897506411054031,0.8667400223009264,1.2563046928955188,1.4523757377891595,0.7032395115264483,0.6257579694559601,1.4604172692913153,0.5263742176547606,0.5793091011332502,1.351523101577765,1.451656686534522,1.0416663373595731,1.3762412882169743
0.740862400138973,1.506566529000515,0.8741100808562056,1.24332141076083,1.4852135471758663,0.7005813294287871,0.6264387341514973,1.4939837139859127,0.5202229499172232,0.5782946066439854,1.3722788437275506,1.4416707481212052,1.0704595857986667,1.3694395785773292
0.7418418603987896,1.4965877277164903,0.8647814073993602,1.257571069170623,1.460411679595939,0.7078419270789743,0.6399914241206524,1.4841101371051686,0.5256852822657496,0.5772738117261171,1.3712162186591828,1.446112984132162,1.0454962727743842,1.3875828551418732
0.7513014258689985,1.4649803113744173,0.8753747415054247,1.242303612851693,1.450169998200285,0.6918710712081211,0.6318664121194941,1.4703465046898287,0.5157182732451804,0.5797607825283857,1.394192064146462,1.4533429960091933,1.0587427819219772,1.3720230444596424
0.7460391016897207,1.5068306547869057,0.839351635741884,1.2510751037799657,1.4696077477592704,0.6923748546185673,0.6328208296583222,1.4643909555787167,0.5262724461407997,0.5797965584280496,1.3738503077572726,1.487162099372554,1.051838386554016,1.378418173647193
0.7309876746702091,1.4914987751265991,0.8542435613338217,1.2468211568502854,1.47038470856563,0.7001883928321122,0.6384930047611974,1.4801971572417725,0.5239492343048986,0.5762347500421815,1.385058768225433,1.4525865166056944,1.0410365701125677,1.3718706720942835
0.7353963473930708,1.4747901138521586,0.8536288525303816,1.258138941006025,1.4462420485670182,0.7052545865863701,0.6365260742853106,1.464514018907879,0.5225030365517371,0.581646171936904,1.3929397118425084,1.4806645893366517,1.0402833451403686,1.3879295006211603
0.75407166409999,1.512623148784513,0.8685879230485067,1.2550045375144945,1.4440087880408956,0.6943577276682747,0.6406538351010775,1.4212797024135309,0.5334606505550241,0.5764533830092329,1.386338568408236,1.4800872500669073,1.0567889027907884,1.3833898839110557
0.745566170806161,1.483203226310551,0.8483883079861976,1.246702660062034,1.4482240229651124,0.7063367892796607,0.634072587739167,1.4528302498125762,0.5211278252988568,0.5715190929550984,1.3742667973377665,1.4711617322376778,1.0729225250167962,1.3738702086758858
0.7334473090905222,1.4864907973606498,0.8520815643380826,1.2355632317300405,1.4278945793510094,0.7134448720393615,0.6295751891153851,1.4703124269782422,0.5205980121532906,0.5772313419228448,1.3775718813934021,1.4697422511813454,1.0634921158997008,1.383886756948491
0.7428593413812574,1.5008688050276517,0.8550449121447818,1.2561551028847022,1.4566465851911226,0.6979988688937077,0.6433279370291595,1.4760561308817117,0.5325320725583808,0.5715635209166435,1.3624769276922648,1.4656575571360355,1.0644630793821825,1.390277823313903
0.7428006688883579,1.4975935845992496,0.8598702040306966,1.2467246331464947,1.4622493041200806,0.7060920869918765,0.6361058648195389,1.483086881996721,0.5218417951365013,0.5691774218642865,1.371375380431806,1.4484118948745373,1.0734768339039054,1.3828541885880878
0.741508496987041,1.5029031577289866,0.8502289481212858,1.225094036461203,1.487436844276512,0.705169256658743,0.6306173251905299,1.4474276021192192,0.5285062114984281,0.5785997147266939,1.3676597706639584,1.4627360761874406,1.0622719040193818,1.3958859538464234
0.7469403640925333,1.5067883397341586,0.8532639075598567,1.24073879953908,1.4734549561479466,0.6945212271860355,0.6370418977627084,1.478306965915968,0.5188335062264658,0.573358734761841,1.3782976621562595,1.4336031395643716,1.0560364598319603,1.385103319507225
0.7403538612475749,1.4889660433320004,0.8710937586836094,1.236043719405442,1.460793639774655,0.7050264377159766,0.6375426601241213,1.4628456047468712,0.5238068443957883,0.5754521125026908,1.354324691558112,1.462987555238331,1.0513127031383336,1.3677218306407457
0.7399802251934945,1.5189419160465722,0.8554633028990904,1.2465734898644152,1.494332194799165,0.6908548885497484,0.6323123965009104,1.4752883337694407,0.5165546855694471,0.5745612615810924,1.3698813042903406,1.4682399919494158,1.0565516076993555,1.3931577380588382
0.7463170311422329,1.5038912455071975,0.854942910453339,1.2551976686780881,1.4676888922295912,0.6934341462968822,0.6353255693936278,1.4611670384154511,0.5191111426048753,0.5793601736223936,1.378131020683431,1.4626877606803785,1.056782247895748,1.3636145249194032
0.743818916206627,1.481103330676011,0.8574083990130061,1.2457755619451285,1.4502415172446435,0.7025641752083943,0.6320356982150558,1.4652261853274051,0.5286633934017662,0.5767303294664364,1.3733372198870977,1.4568797744282924,1.0616676101135087,1.3831557651098458
0.7349305087682138,1.5004462192788213,0.8495395001081769,1.2321159247757367,1.4931589548908781,0.698361637923965,0.6293704041105507,1.4719702720813632,0.5253397641171089,0.5823956088982026,1.4032128614367803,1.4756375833205717,1.052276725426539,1.3642533880215704
0.74897988370831,1.504171088932904,0.86043353711923,1.253133304560734,1.4721730266680364,0.697185140068097,0.6431757942091809,1.46753665546315,0.5293128370742107,0.5703408331377979,1.3541207265246484,1.458458139272945,1.0508276693666938,1.376897769475199
0.7437828526047259,1.4973959609072156,0.8582517606434613,1.2557144045727553,1.4705136563604702,0.6956563266777319,0.6338434244820923,1.4706650256583773,0.5257946944498599,0.5757711479064512,1.3795424651876604,1.4579329003437562,1.0878210354910678,1.3879380989930623
0.7324211278108439,1.5149512893317816,0.8445869743596989,1.223776288925492,1.461712155394285,0.6898136589924119,0.6329621354780055,1.4463516643455943,0.5223586644879288,0.581584678504909,1.367363510084016,1.4302470796777382,1.0407450577588377,1.3687412179887288
0.7408202901803987,1.5069566891079273,0.8403371704689522,1.230222387149867,1.482017165881145,0.7119355841474595,0.6374940037011186,1.4468691326099963,0.5230955644679935,0.5723709238381105,1.3623795198418196,1.4410474569376497,1.0523037834063491,1.3721402714176592
0.7375077066825004,1.5078932553306899,0.8482516182850454,1.2523085419899516,1.458751122322629,0.7083356351187758,0.6317321370534681,1.4615499670380316,0.5332031138707151,0.5766874178209019,1.3470442068471993,1.4547646857177539,1.0801047701033855,1.3438205906463623
0.729634813546338,1.5177322400214772,0.8461446674163041,1.2290210233691912,1.4617030218172566,0.6974950046236239,0.629787175544328,1.46774128788947,0.5208937386250998,0.5712633551353431,1.3818404603617682,1.4765033039683693,1.071409243600367,1.3648072200691808
0.7556973028375628,1.4841112169905846,0.8764423642858296,1.2420989609786037,1.468979208612795,0.7123734801029518,0.6359365697023185,1.4604597000696973,0.5329014437698907,0.5896846282540619,1.3763605120547744,1.4635715956270323,1.0657288005960481,1.3921658129700205
0.7417760331006763,1.4837716555699954,0.8427124207913764,1.2338813174495569,1.485351731824414,0.7020067167063857,0.6306136391254145,1.4732433139465246,0.5320885126853359,0.572824704946252,1.369311589541595,1.4413304899206911,1.06193160010637,1.358252373118387
0.735546664704337,1.507314320832023,0.8498927041878063,1.2362784664990376,1.4611430792826936,0.7002422741058263,0.6432089267922614,1.4742708209928412,0.5262263716702762,0.578499630351431,1.3672425401511816,1.4807223672738188,1.0594800677233949,1.3527857564122796
0.7414178198061087,1.4983796085021959,0.8454330910912011,1.2677116147980731,1.467733347477113,0.7011183015519026,0.6378091907751856,1.4773346012047373,0.5227179977857928,0.5824295879254197,1.3527872084749908,1.4344454162088562,1.0573399086879738,1.3910852588471543
0.752102432269202,1.4767192242594689,0.8536581754742392,1.2136072567562448,1.4707258729274966,0.703315609489688,0.6329175528503974,1.4713681607300069,0.5256954896205327,0.5742169510049053,1.3984243722974103,1.4485317978750967,1.0445826232687112,1.3644891732101627
0.7198874625259504,1.4954360260423794,0.8547085633402003,1.243331152717439,1.4514209466492982,0.683526549556827,0.6265729833086923,1.4662167575310716,0.5265726902596259,0.5871532198663459,1.3783352391365111,1.483736095560493,1.0696861881313602,1.3933449394305168
0.7522420033246613,1.4921393894774448,0.8692379153405987,1.2429968790869532,1.4867362580266905,0.7131545383104582,0.62549268681797,1.4541436194656017,0.5235120972640963,0.5668574081372558,1.3665717582064882,1.4572179615610226,1.0549396577723982,1.367507770748204
0.7303638040453739,1.4436657500300847,0.866133159834532,1.2542068281896421,1.4328781798914683,0.7063534131182124,0.642229643183787,1.4594344280793319,0.5203257768766107,0.5766588324916541,1.3720529663946681,1.484814943944029,1.0482273157396353,1.357381665417538
0.7320062436415063,1.495043704142388,0.8497611187353208,1.261966569786577,1.489222170131276,0.7002635565240856,0.6325099301499908,1.490477104946223,0.5235854792440214,0.5761851204187589,1.3858754124402293,1.5024607105833268,1.0428680043781353,1.3867972547356313
0.7404498814149245,1.5266922420403708,0.8573543701238335,1.2621008576637933,1.458725570491588,0.7012428854880589,0.6360365199843976,1.4536269681329759,0.5321814182668727,0.5914411494158058,1.3390778191727866,1.428370605475052,1.0390117115196733,1.3578479941609074
0.7446691349844988,1.492062656552247,0.8580752338931249,1.2420386987914374,1.457793441602968,0.7051100402579626,0.6402167800897672,1.4719362394386146,0.5354247575943424,0.5838173281302261,1.3589871782045717,1.4629827387434293,1.0556200686005925,1.3516258921179651
0.7344400392097192,1.4881536874517434,0.8534446051954532,1.257737414315538,1.4606255100182433,0.6987026287905542,0.6380903465690112,1.4540386767327655,0.5247930117121058,0.5776068214698286,1.3622937899134537,1.4627453259913379,1.0759035534638925,1.3610270878158794
0.7396398363538369,1.4946672295233765,0.8594387090012524,1.2496376955238928,1.4520707307436087,0.6956435300700443,0.6299703787286745,1.441763076599057,0.5184681005127476,0.5854671209493694,1.3729162347423316,1.444973454247839,1.0543221345391776,1.3505276771722925
0.7410452666473506,1.4840926464812985,0.856339020207748,1.238396788303566,1.4565834754855416,0.6985985534865555,0.6240992017548316,1.4824101914772607,0.530353313846122,0.5760072531916085,1.3692786199581994,1.483171679643503,1.0734971236137514,1.369374187972725
0.7312846411460642,1.5097973371581412,0.8467480447943004,1.253551473344017,1.445291533597484,0.6999245840686944,0.6392845045397136,1.470400790050889,0.5224700385616656,0.5822352910342231,1.3672757242109486,1.4516954751834688,1.0442728593704866,1.3699850507716316
0.7458869754058242,1.4834360432575762,0.8400929256319827,1.2202447640329976,1.4589879259170353,0.6923397398431517,0.6339871298062354,1.4511824768947168,0.5342904513143659,0.5817307668952162,1.3734062513258993,1.4561262097630174,1.041086743948142,1.3809460656551766
0.7444856287681573,1.5147134794967991,0.8466963186584112,1.2313681759876336,1.4857387925204926,0.699256000776261,0.6398225672518977,1.4837610632716582,0.5260958628405558,0.5830526106540771,1.3340703971639662,1.4450233608114587,1.0633866619887073,1.3587784753048908
0.7404474305173764,1.4667556399520292,0.8492028991568261,1.2484737363712246,1.4781404909182012,0.6953448941564206,0.6422682666787847,1.452347580404995,0.519662093925327,0.5680466081036135,1.336379062959034,1.4655447094675853,1.034386079389925,1.3813934103446874
0.7392348427307777,1.5117232690582862,0.8443814457197043,1.2275265311533141,1.480159211213199,0.6931946506609462,0.638867518202234,1.4761913435696083,0.5248008998128907,0.5734499277815791,1.3954622488459096,1.464560422520742,1.040343547673477,1.3933540116369731
0.7293537674428374,1.5026626019055978,0.8502298878210314,1.2296336030585688,1.4485645281013706,0.6971218265090556,0.641520129077144,1.475153292375183,0.5271498889603877,0.5665963376318884,1.3924529149057605,1.4681907179238092,1.0548667786689234,1.3860527401242655
0.7295164418579033,1.493734826925064,0.8472686303038653,1.2691796928123495,1.44304371344058,0.6923748577739811,0.6470019621026285,1.4645585512465764,0.5285573766837444,0.5605649892996961,1.3661292256310038,1.471371802674303,1.0752543646118735,1.3764082820937888
0.7412590423614227,1.5145872423168385,0.8515474702153795,1.2299975116924735,1.4927414090557822,0.7063791137064236,0.6360054377397671,1.506461041315389,0.5234529607166969,0.5800100180243383,1.329524654772804,1.4735517821481703,1.051056361099103,1.348791382650965
0.7310207014631813,1.4723887115248409,0.8668521769015366,1.248542264525261,1.4527689063305829,0.692566483260919,0.6344849345437367,1.4854650791937556,0.5292683046049436,0.5771387917773996,1.3697793597308923,1.4527869273026495,1.0689716119750323,1.3689523468949698
0.7482589637781426,1.50158385998961,0.8664515419905225,1.2370002352962008,1.4596605188009992,0.7101102548932241,0.6332106163779699,1.4744700801019175,0.5256779840397093,0.577568640397743,1.3653051186918286,1.4802767656729447,1.0643300465442602,1.379540890670358
0.735719798530743,1.4815786277888496,0.8487944755003467,1.2539869469067748,1.485447668352785,0.7075299908142083,0.6395648171084087,1.4724629797460889,0.5319745970251198,0.580301186131408,1.3739133060718116,1.4732536338055593,1.0658177646099098,1.3654980933079472
0.7447082619056868,1.51799123389891,0.8492116557423026,1.2177433194786547,1.4601335555604678,0.703014838784938,0.6342103933640344,1.4889662291712953,0.5312110408004277,0.5755745451179478,1.3936288655749538,1.4720498119019063,1.0670479329194187,1.3666451249864449
0.7485854605466236,1.4858517936874358,0.8469334832296068,1.2550605737372262,1.463035530709882,0.6927010727892146,0.6438291326848412,1.4775691887349378,0.5223108759098967,0.5737985083982114,1.3615199959945559,1.4472464122011977,1.0515147974227528,1.3851674396858114
0.7473072651484107,1.5035124718949306,0.8465615594167005,1.2579155739699233,1.4545104750110887,0.7055469233987822,0.6407114626341588,1.4990304544672075,0.5162383575688438,0.5752546361358877,1.359536162327921,1.4464872696546769,1.0633899817035948,1.369378613085377
0.7322181537682612,1.4914518296541408,0.8590434874887779,1.2395598292312269,1.4605477495246892,0.6925250851440002,0.6395167639514671,1.4764341921038164,0.5298130525543815,0.5861546354982012,1.3749749060372216,1.4757160194490726,1.0511763160820844,1.3818028922329442
0.7379730618618852,1.4945911643857677,0.8689102683015022,1.2364443913381078,1.4747336462761613,0.6978964816892296,0.6299114350850148,1.46503266631775,0.5255927934225736,0.5729967764421792,1.3522972990364681,1.4553987520859635,1.056711185079984,1.374095574194821
0.7392707424849211,1.4983110353445661,0.8524586081171702,1.2467033560827345,1.4469140455543155,0.7010070837075925,0.6325908362135213,1.4838380165677885,0.5215199316553767,0.5715700747834417,1.3744325540782856,1.4800633662475762,1.0613078761736074,1.3617796814395366
0.7454377091051926,1.4902332612432112,0.853130641687568,1.2336525344535998,1.4408716987593475,0.6949975316778598,0.6245793664050792,1.4774716400005536,0.524148701154297,0.579985444100928,1.385039906410982,1.4731684098484286,1.0520124905699306,1.378066102384312
0.7428207473637954,1.4744088430787485,0.8514316076071262,1.2577032620918351,1.4598206239194889,0.7053788920083446,0.6415334708423723,1.4564706957002884,0.5093643363339416,0.5727929729090266,1.3679504955201207,1.4689836776594503,1.0708473091162318,1.3795435071836688
0.7344635619380482,1.5249490480903585,0.8583237245816503,1.2304561197200379,1.4599978063555854,0.7018072143438657,0.6376533641196025,1.493192994607538,0.5246410087522242,0.5845312828186949,1.397437350953771,1.4158506177674595,1.0619996719389226,1.37822130111805
0.7328043665451466,1.4760521925560393,0.8514785821444703,1.2467164792464303,1.4756450447194125,0.6872337482901678,0.6443761002229607,1.4642110783640618,0.5330866078848435,0.5968260040030464,1.3895041847602634,1.4521177285723803,1.05277795253047,1.3602034585631564
0.7311152397365677,1.5095983906927768,0.8558561986567838,1.2520135390260612,1.470791563636619,0.7081397474565058,0.6388705091926993,1.4906492584446631,0.5220792736012122,0.572850036274242,1.3675532272722695,1.4478497095412046,1.0862612967562133,1.3662963988718937
0.7389146139370486,1.4781938033072575,0.8526520377293502,1.259778643124543,1.4499949091741633,0.7082463561700445,0.629694741893525,1.4679028746092166,0.5352288825224396,0.5759956483471439,1.3670885325140807,1.4564009624031122,1.0524977903106272,1.3588183552728015
0.7459449495309777,1.5181261382978928,0.8572570752846299,1.2317286581675846,1.4780680156173858,0.7042026050638989,0.6322328782214772,1.4634672662895898,0.5241149717871205,0.5693231796596192,1.367666940258975,1.4580204704348547,1.0741266118273634,1.3766556145186961
0.7408994000289508,1.5018358542684052,0.8401886500516565,1.2556042334599022,1.4785501839883628,0.6965666962684058,0.6407879659158058,1.4631403154564961,0.5392611549892001,0.5774799677676916,1.3923080594988415,1.4545950514854642,1.061757560385068,1.371633736372026
0.743946387408918,1.4859390875255558,0.8561821600673821,1.2283379863676278,1.4804276681615984,0.7097818999830493,0.6430308732024155,1.4905401133903466,0.5319234895387691,0.5829279435360971,1.369567487707793,1.4450349764589412,1.064186402257797,1.375508470482987
0.7335938014899731,1.4954287603312943,0.8489914693720971,1.2633844232255833,1.473780341270635,0.7144060722259167,0.6502906216409132,1.4608906888515352,0.519974557276186,0.5744964413467343,1.3744183827234207,1.4407067409813026,1.0464583863233548,1.3748770235841392
0.7379627061075091,1.5136325194014315,0.8551067396290774,1.2535885996805085,1.4553737859693454,0.6956720916504509,0.6403572913614394,1.48268478038586,0.5191850808946007,0.5834442363525476,1.3775669368043324,1.4653281566120437,1.0489584927786448,1.3685408536817567
0.746735159686224,1.4917616878478066,0.8349182242239597,1.2441499748544347,1.4492074502343952,0.7165901080857919,0.6375274137623829,1.4685406684744795,0.5264883854867395,0.5763923926304764,1.3737531419210418,1.4759567162408422,1.0415878147183864,1.3712612134824964
0.7450678446428793,1.4944190361038143,0.8698175323234207,1.2403218135633367,1.477368823417771,0.7061656703690761,0.6462125582878941,1.4614211732125382,0.5170872454033749,0.5893614130062432,1.3723796488913123,1.4469780596624675,1.048626159751311,1.3730433753495632
0.7445032111333062,1.4976167623847632,0.8552624165542874,1.2448440485960974,1.4692414120406445,0.7037220601532453,0.6354477425213636,1.4717010374600372,0.5312131667380695,0.5908074155389232,1.3762937348332664,1.483983583261836,1.0331925216801068,1.3970859277484273
0.7478954707696573,1.4952862293529428,0.8417176588803066,1.2333471589801306,1.4700986430131597,0.7094352159708164,0.6382935182817101,1.4725730949309517,0.5236044648584876,0.5730210886733784,1.3609294581441345,1.465229629570876,1.0509249450175,1.3722670506019221
0.7353123966835895,1.5104343036943508,0.8570272161720943,1.231727688119034,1.455296927983457,0.7087952962587566,0.6472309542041402,1.4972124749584828,0.5370501530083333,0.5812019403180821,1.3869697922446405,1.4624199030236689,1.0543640860658252,1.3563799619904147
0.7341071892441661,1.4943274745701352,0.8602656361624863,1.2362975676111354,1.4385180609677881,0.6955900045568038,0.6428546134783355,1.4825675988555547,0.533405013723618,0.5762949676269876,1.3855879871405254,1.4793694648679803,1.0540012637771017,1.3679872462371672
0.7337723313203981,1.4912360704301557,0.8750211701148783,1.2438968444126075,1.467428765873974,0.6971459764835392,0.6366178863018289,1.4777706232668824,0.5261413624268229,0.57968601412912,1.3835734291257185,1.4519617315624076,1.0762584400873672,1.3868342790637649
0.7356687102791531,1.5003480212855589,0.8524702452771327,1.2539443221038873,1.4844917504873951,0.6968495544011565,0.6357001281397133,1.4987457780275475,0.5233404980299372,0.5831349108680117,1.4005758774867398,1.4606809067762043,1.0477921762937021,1.3746782043384056
0.7440079802280709,1.4901201570593954,0.8692434335594142,1.2275840042741264,1.4741065433590363,0.7033576200772627,0.6296944637171561,1.4781101553263187,0.5149833063547335,0.5691638218228761,1.3733450916488117,1.4570767946571388,1.056077590875967,1.3697705687011639
0.738234011346461,1.5099491847463788,0.8645038719037825,1.2489474336620254,1.465737823176409,0.6925319814724066,0.6293735429698325,1.475676994311306,0.5246845778613567,0.5834684160951863,1.3600680999105828,1.4485151669888925,1.0357877301314702,1.3821942178460862
0.7366617965710359,1.4811346999071762,0.8584823708222816,1.2663003117069287,1.4772341283744281,0.7080073154915508,0.6376815329550223,1.4551550395257884,0.5220245444203925,0.5768601610910775,1.3565182340456845,1.4738898257690294,1.046795727633723,1.3764697630859544
0.7455718397824155,1.487445775813488,0.8624409540856859,1.2449530014161727,1.4800796675051118,0.7049783185302578,0.6434022114103637,1.4905800456420577,0.5328814328223168,0.5789427402068851,1.3778044928843693,1.4624145911523119,1.0581310232694876,1.3941338406906674
0.7504054796221638,1.5222822086035326,0.8626793278907643,1.249634350877371,1.4345447130559985,0.7066301821257871,0.633879605050438,1.493260307993293,0.5255738681253982,0.5905184016603896,1.3622894333022906,1.4349920172837818,1.0596663664480117,1.3746784753611507
0.7279179944148175,1.512255880176309,0.8513580752389008,1.2410313815624003,1.488194895583605,0.7103972446062204,0.6297698005483259,1.4820399336209875,0.5228744206430236,0.5780354953307827,1.3649690203821276,1.4744227960447531,1.0534451349851206,1.3519091216099508
0.745957139743252,1.4839112509946306,0.8596124243116451,1.2390632421980854,1.4753800687004524,0.7121636029053207,0.6427394598607072,1.463813257439173,0.5223904548462409,0.5732224779507353,1.3707340603658487,1.4551937073371328,1.0503570240221958,1.3727627790651202
0.7443474459234641,1.4773186119698754,0.8478675610464015,1.2408214447924895,1.4511833343394698,0.7081516125740006,0.6401970450666882,1.4567891750653628,0.5315440035743365,0.5838786484522351,1.3596166688364197,1.4607982611700938,1.0454692808069426,1.3539958587264478
0.7470016606530475,1.5091990333671657,0.860544907819803,1.226729474798381,1.4567702729875698,0.7054075071939496,0.6316101997329269,1.4569574339954114,0.5232748973495053,0.573377952530702,1.3904032411040659,1.435486874732737,1.0460595770832717,1.3564783729853598
0.7324993480167369,1.487456410663565,0.854614325986528,1.259154250536152,1.4366894574773355,0.6985838978698089,0.6387588156720352,1.4671400804471106,0.526966493551355,0.5760930044643288,1.3854492711682982,1.451929022286201,1.0510178055900095,1.3923076623739592
0.7412827570538626,1.4943714325294732,0.8587003187634721,1.2374533546465865,1.4650899870833443,0.7053839060573306,0.640217319975536,1.4746575206335182,0.5287242388446061,0.5792573835008946,1.3922536847358182,1.4724984760876947,1.055937923885598,1.3685616790741304
0.7381735277388705,1.516735080045081,0.8585370158148793,1.2223509445654126,1.463844613534168,0.6944142499012811,0.6262032935491475,1.4272516413364558,0.5217599524555193,0.5825470170768025,1.3446590307104855,1.4497127166955854,1.0524686591380097,1.3789452529726467
0.7398831317785128,1.4981144192797156,0.8657980745997582,1.2382308290143833,1.470588682182659,0.7097417620556269,0.6366351318469673,1.4833343440019653,0.5353995176024376,0.5717104685868647,1.3770482349994047,1.448529283948177,1.0438454244316133,1.3628083376859887
0.741029126803495,1.4884729419663376,0.8586219890340228,1.2278776425654216,1.467533100919424,0.6975292896645086,0.6454482017171522,1.4403199407980796,0.5209459179262008,0.5821091103359356,1.3807555559381752,1.4373311368014703,1.0621284558943034,1.3685705373919854
0.7467283240975362,1.4729198279047944,0.8487344598700869,1.2439481743563274,1.46620588866177,0.6993293487161113,0.6292859554440328,1.4493661204685298,0.524755225666971,0.5810135147916325,1.3607931912648459,1.4527716004361504,1.0424713509004409,1.3863995029639726
0.7391823688772775,1.5039219624746425,0.8591646752106662,1.23750502204551,1.466293409363177,0.7002706080819215,0.6328229595997099,1.4803950353185318,0.5181338516273153,0.5832619512888567,1.389856079898768,1.438312132659689,1.0633804954839332,1.3643427032623654
0.7410443955969224,1.4933465673156339,0.8601620277973608,1.2861806975428125,1.4777491504964466,0.6905916193829437,0.6415804267366674,1.455565920501053,0.5270048566429791,0.5796769003586824,1.3605320452999983,1.4640596704208266,1.0700040806932944,1.3905043300688795
0.7375591738702247,1.5086286659747268,0.8616422566210574,1.2446634918995096,1.4441511297407932,0.6989369324389613,0.6433160453985982,1.4403647534565747,0.5294708121350703,0.5858613800802697,1.3863295661228632,1.4778060124382508,1.0430220007499587,1.366176806740293
0.7502016868734919,1.5037555257553799,0.857831124509671,1.2274355377652177,1.4572895971745372,0.7025816721604536,0.6233530822561039,1.4794017351708382,0.5276480472852723,0.5787131984703417,1.3445694102379948,1.4608676050603384,1.054587817505914,1.3661495674762625
0.7461240197314916,1.4835077293044745,0.8492770485378549,1.252505067144852,1.470169306779009,0.7117205117025664,0.6254777126331151,1.4970318087831092,0.5269511420118594,0.5743030992402786,1.3883791989314256,1.4587711802194767,1.062894121537512,1.4214084386680368
0.7233838053096067,1.4830243166940977,0.8494616148046213,1.2418806987856372,1.4837813063679222,0.6955949638509619,0.6340377290355816,1.4743189989054872,0.5306804851952547,0.5723913438963908,1.3650368065840424,1.4181697547675753,1.0567935308587946,1.3744279791334963
0.7461291650924641,1.505962821586126,0.8653451372335926,1.245251743764291,1.460260652765512,0.7099581340076597,0.627931135484574,1.471750847533462,0.5241811564085922,0.57725121731574,1.3720231150277697,1.4632145473149494,1.0822580275287061,1.3571555051028248
0.7444692038766788,1.4854913762271071,0.8597244834591423,1.254139369965524,1.4418866485522317,0.7131582144770217,0.6453508777938721,1.4614869765911433,0.5249627480631992,0.5700149222078,1.375479059550322,1.4440884849820326,1.060114504367677,1.3537482522776771
0.7439798630835964,1.4639830898720536,0.8557221487766525,1.2376106758698908,1.4679368569812712,0.7036146685991298,0.632515670731579,1.47242616575888,0.5369153592629455,0.5745016811294928,1.365126337920885,1.4691997495424092,1.0544598754481256,1.3829587772746041
